[
  {
    "name": "Ридли Скотт",
    "profession": ["инженер-исследватель", "пилот", "астроном"],
    "picture": "1st"
  },
  {
    "name": "Энди Уир",
    "profession": ["врач", "экзобиолог", "климатолог"],
    "picture": "2nd"
  },
  {
    "name": "Марк Уотни",
    "profession": ["астрогеолог", "гляциолог", "метеоролог"],
    "picture": "3rd"
  },
  {
    "name": "Венката Капур",
    "profession": ["оператор марсохода", "киберинженер", "пилот дронов"],
    "picture": "4th"
  }
]
